teacher,day,slot,detai,
斎須,Mon,am,
鳥居,Mon,am,
宇佐美,Mon,am,
大河,Mon,am,
江連,Mon,am,
高橋,Mon,am,
小野,Mon,pm,
ジェシカ,Mon,pm,
関山,Mon,pm,
柏木,Mon,pm,
齋藤幸,Mon,pm,
大森,Mon,pm,
オズボーン,Mon,pm,
スチュアート,Mon,pm,
伊藤,Tue,am,
飯村,Tue,am,
齋藤敦,Tue,am,
浜田,Tue,am,
萩谷,Tue,am,
一瀬,Tue,am,
鈴木恵,Tue,am,
中村,Tue,am,
渡邉治,Tue,pm,
鈴木佳,Tue,pm,
菊地香,Tue,pm,
阿久津,Tue,pm,
杉本,Tue,pm,
丹治,Tue,pm,
橋本,Tue,pm,
山本,Tue,pm,
長峰,Tue,pm,
小田部実,Tue,pm,
齋藤祐,Tue,pm,
佐藤理,Wed,am,
井坂,Wed,am,
片山,Thu,am,
冨田,Thu,am,
中岫,Thu,am,
桑藤,Thu,am,
北見充,Thu,am,
西内,Thu,am,
中田,Thu,am,
戸坂,Thu,am,
鈴木秀,Fri,am,
槌谷,Fri,am,
赤津勝,Fri,am,
藤本,Fri,am,
中根,Fri,am,
大橋,Fri,am,
淺利,Fri,am,
馬田,Fri,am,
大川,Fri,pm,
照沼,Fri,pm,
蟹沢,Fri,pm,
小圷,Fri,pm,
新井,Fri,pm,
今泉,Fri,pm,
塙悠,Fri,pm,
